00181289,20200123033600,LAT  145447,LON  1209892,ALT  0016,RSS -051,OIC 140,OIV 502,OOC 339,OOV 119,ORV 300,OPT  409,MOD 00,PBV 0,SPA 0,GPC 12,DOP 07,CID 8963031832412037722,PSN 00059360,HK1 0000000000000000,RAV 2.00,RPV 1.05
00181289,20200123033500,LAT  145448,LON  1209893,ALT  0012,RSS -051,OIC 140,OIV 503,OOC 335,OOV 118,ORV 301,OPT  408,MOD 00,PBV 0,SPA 1,GPC 12,DOP 07,CID 8963031832412037722,PSN 00059360,HK1 0000000000000000,RAV 2.00,RPV 1.05
00181289,20200123033400,LAT  145448,LON  1209893,ALT  0011,RSS -051,OIC 139,OIV 503,OOC 338,OOV 120,ORV 299,OPT  408,MOD 00,PBV 0,SPA 0,GPC 12,DOP 07,CID 8963031832412037722,PSN 00059360,HK1 0000000000000000,RAV 2.00,RPV 1.05
00181289,20200123033300,LAT  145448,LON  1209892,ALT  0013,RSS -051,OIC 141,OIV 502,OOC 336,OOV 118,ORV 299,OPT  408,MOD 00,PBV 0,SPA 0,GPC 12,DOP 07,CID 8963031832412037722,PSN 00059360,HK1 0000000000000000,RAV 2.00,RPV 1.05
00181289,20200123033200,LAT  145448,LON  1209893,ALT  0010,RSS -051,OIC 140,OIV 500,OOC 339,OOV 119,ORV 299,OPT  408,MOD 00,PBV 0,SPA 0,GPC 12,DOP 08,CID 8963031832412037722,PSN 00059360,HK1 0000000000000000,RAV 2.00,RPV 1.05
00181289,20200123033100,LAT  145448,LON  1209893,ALT  0011,RSS -051,OIC 139,OIV 501,OOC 340,OOV 118,ORV 298,OPT  408,MOD 00,PBV 0,SPA 0,GPC 12,DOP 07,CID 8963031832412037722,PSN 00059360,HK1 0000000000000000,RAV 2.00,RPV 1.05
00181289,20200123033000,LAT  145448,LON  1209893,ALT  0011,RSS -051,OIC 141,OIV 501,OOC 338,OOV 118,ORV 300,OPT  408,MOD 00,PBV 0,SPA 0,GPC 12,DOP 07,CID 8963031832412037722,PSN 00059360,HK1 0000000000000000,RAV 2.00,RPV 1.05
00181289,20200123032900,LAT  145448,LON  1209892,ALT  0009,RSS -051,OIC 140,OIV 500,OOC 340,OOV 119,ORV 299,OPT  408,MOD 00,PBV 0,SPA 0,GPC 12,DOP 08,CID 8963031832412037722,PSN 00059360,HK1 0000000000000000,RAV 2.00,RPV 1.05
00181289,20200123032800,LAT  145448,LON  1209892,ALT  0010,RSS -051,OIC 138,OIV 498,OOC 340,OOV 117,ORV 298,OPT  408,MOD 00,PBV 0,SPA 0,GPC 12,DOP 07,CID 8963031832412037722,PSN 00059360,HK1 0000000000000000,RAV 2.00,RPV 1.05
00181289,20200123032700,LAT  145448,LON  1209893,ALT  0008,RSS -051,OIC 140,OIV 501,OOC 338,OOV 118,ORV 300,OPT  408,MOD 00,PBV 0,SPA 0,GPC 12,DOP 07,CID 8963031832412037722,PSN 00059360,HK1 0000000000000000,RAV 2.00,RPV 1.05
00181289,20200123032600,LAT  145448,LON  1209893,ALT  0009,RSS -051,OIC 140,OIV 500,OOC 339,OOV 119,ORV 299,OPT  408,MOD 00,PBV 0,SPA 0,GPC 12,DOP 07,CID 8963031832412037722,PSN 00059360,HK1 0000000000000000,RAV 2.00,RPV 1.05
00181289,20200123032500,LAT  145448,LON  1209892,ALT  0009,RSS -051,OIC 138,OIV 499,OOC 338,OOV 119,ORV 299,OPT  408,MOD 00,PBV 0,SPA 1,GPC 12,DOP 07,CID 8963031832412037722,PSN 00059360,HK1 0000000000000000,RAV 2.00,RPV 1.05
00181289,20200123032400,LAT  145448,LON  1209892,ALT  0009,RSS -051,OIC 140,OIV 500,OOC 338,OOV 119,ORV 301,OPT  409,MOD 00,PBV 0,SPA 1,GPC 12,DOP 07,CID 8963031832412037722,PSN 00059360,HK1 0000000000000000,RAV 2.00,RPV 1.05
00181289,20200123032300,LAT  145448,LON  1209892,ALT  0012,RSS -051,OIC 140,OIV 499,OOC 339,OOV 118,ORV 300,OPT  409,MOD 00,PBV 0,SPA 0,GPC 12,DOP 07,CID 8963031832412037722,PSN 00059360,HK1 0000000000000000,RAV 2.00,RPV 1.05
00181289,20200123032200,LAT  145447,LON  1209893,ALT  0013,RSS -053,OIC 138,OIV 504,OOC 340,OOV 119,ORV 299,OPT  409,MOD 00,PBV 0,SPA 1,GPC 12,DOP 07,CID 8963031832412037722,PSN 00059360,HK1 0000000000000000,RAV 2.00,RPV 1.05
00181289,20200123032100,LAT  145447,LON  1209892,ALT  0014,RSS -053,OIC 140,OIV 502,OOC 340,OOV 118,ORV 299,OPT  410,MOD 00,PBV 0,SPA 0,GPC 12,DOP 07,CID 8963031832412037722,PSN 00059360,HK1 0000000000000000,RAV 2.00,RPV 1.05
00181289,20200123032000,LAT  145447,LON  1209892,ALT  0011,RSS -051,OIC 140,OIV 501,OOC 340,OOV 118,ORV 300,OPT  410,MOD 00,PBV 0,SPA 0,GPC 12,DOP 07,CID 8963031832412037722,PSN 00059360,HK1 0000000000000000,RAV 2.00,RPV 1.05
00181289,20200123031900,LAT  145448,LON  1209892,ALT  0011,RSS -051,OIC 138,OIV 500,OOC 341,OOV 117,ORV 300,OPT  411,MOD 00,PBV 0,SPA 1,GPC 12,DOP 07,CID 8963031832412037722,PSN 00059360,HK1 0000000000000000,RAV 2.00,RPV 1.05
00181289,20200123031800,LAT  145447,LON  1209892,ALT  0013,RSS -051,OIC 140,OIV 502,OOC 341,OOV 118,ORV 299,OPT  411,MOD 00,PBV 0,SPA 0,GPC 12,DOP 07,CID 8963031832412037722,PSN 00059360,HK1 0000000000000000,RAV 2.00,RPV 1.05
00181289,20200123031700,LAT  145447,LON  1209892,ALT  0014,RSS -051,OIC 141,OIV 502,OOC 341,OOV 117,ORV 301,OPT  411,MOD 00,PBV 0,SPA 0,GPC 12,DOP 07,CID 8963031832412037722,PSN 00059360,HK1 0000000000000000,RAV 2.00,RPV 1.05
00181289,20200123031600,LAT  145447,LON  1209892,ALT  0011,RSS -051,OIC 139,OIV 500,OOC 339,OOV 118,ORV 300,OPT  411,MOD 00,PBV 0,SPA 0,GPC 12,DOP 07,CID 8963031832412037722,PSN 00059360,HK1 0000000000000000,RAV 2.00,RPV 1.05
00181289,20200123031500,LAT  145447,LON  1209892,ALT  0013,RSS -051,OIC 140,OIV 500,OOC 340,OOV 118,ORV 301,OPT  411,MOD 00,PBV 0,SPA 0,GPC 12,DOP 06,CID 8963031832412037722,PSN 00059360,HK1 0000000000000000,RAV 2.00,RPV 1.05
00181289,20200123031400,LAT  145447,LON  1209892,ALT  0011,RSS -051,OIC 140,OIV 499,OOC 341,OOV 118,ORV 300,OPT  411,MOD 00,PBV 0,SPA 0,GPC 12,DOP 07,CID 8963031832412037722,PSN 00059360,HK1 0000000000000000,RAV 2.00,RPV 1.05
00181289,20200123031300,LAT  145447,LON  1209892,ALT  0011,RSS -051,OIC 139,OIV 503,OOC 340,OOV 117,ORV 300,OPT  411,MOD 00,PBV 0,SPA 0,GPC 12,DOP 07,CID 8963031832412037722,PSN 00059360,HK1 0000000000000000,RAV 2.00,RPV 1.05
00181289,20200123031200,LAT  145447,LON  1209892,ALT  0012,RSS -051,OIC 141,OIV 498,OOC 339,OOV 118,ORV 300,OPT  411,MOD 00,PBV 0,SPA 0,GPC 12,DOP 06,CID 8963031832412037722,PSN 00059360,HK1 0000000000000000,RAV 2.00,RPV 1.05
00181289,20200123031100,LAT  145447,LON  1209892,ALT  0009,RSS -051,OIC 140,OIV 499,OOC 340,OOV 117,ORV 300,OPT  410,MOD 00,PBV 0,SPA 0,GPC 12,DOP 06,CID 8963031832412037722,PSN 00059360,HK1 0000000000000000,RAV 2.00,RPV 1.05
00181289,20200123031000,LAT  145447,LON  1209892,ALT  0011,RSS -051,OIC 139,OIV 501,OOC 339,OOV 118,ORV 299,OPT  409,MOD 00,PBV 0,SPA 0,GPC 12,DOP 06,CID 8963031832412037722,PSN 00059360,HK1 0000000000000000,RAV 2.00,RPV 1.05
00181289,20200123030900,LAT  145447,LON  1209892,ALT  0011,RSS -051,OIC 141,OIV 501,OOC 339,OOV 118,ORV 301,OPT  408,MOD 00,PBV 0,SPA 1,GPC 12,DOP 06,CID 8963031832412037722,PSN 00059360,HK1 0000000000000000,RAV 2.00,RPV 1.05
00181289,20200123030800,LAT  145447,LON  1209892,ALT  0010,RSS -051,OIC 140,OIV 498,OOC 339,OOV 118,ORV 299,OPT  408,MOD 00,PBV 0,SPA 0,GPC 12,DOP 06,CID 8963031832412037722,PSN 00059360,HK1 0000000000000000,RAV 2.00,RPV 1.05
00181289,20200123030700,LAT  145447,LON  1209892,ALT  0010,RSS -051,OIC 138,OIV 503,OOC 338,OOV 118,ORV 300,OPT  407,MOD 00,PBV 0,SPA 1,GPC 12,DOP 06,CID 8963031832412037722,PSN 00059360,HK1 0000000000000000,RAV 2.00,RPV 1.05
00181289,20200123030600,LAT  145447,LON  1209892,ALT  0010,RSS -051,OIC 141,OIV 500,OOC 339,OOV 118,ORV 300,OPT  406,MOD 00,PBV 0,SPA 0,GPC 12,DOP 06,CID 8963031832412037722,PSN 00059360,HK1 0000000000000000,RAV 2.00,RPV 1.05
00181289,20200123030500,LAT  145448,LON  1209893,ALT  0007,RSS -051,OIC 140,OIV 502,OOC 339,OOV 118,ORV 300,OPT  405,MOD 00,PBV 0,SPA 1,GPC 12,DOP 07,CID 8963031832412037722,PSN 00059360,HK1 0000000000000000,RAV 2.00,RPV 1.05
00181289,20200123030400,LAT  145448,LON  1209892,ALT  0008,RSS -051,OIC 138,OIV 505,OOC 339,OOV 118,ORV 300,OPT  403,MOD 00,PBV 0,SPA 0,GPC 12,DOP 06,CID 8963031832412037722,PSN 00059360,HK1 0000000000000000,RAV 2.00,RPV 1.05
00181289,20200123030300,LAT  145448,LON  1209892,ALT  0009,RSS -051,OIC 140,OIV 500,OOC 339,OOV 118,ORV 301,OPT  403,MOD 00,PBV 0,SPA 0,GPC 12,DOP 06,CID 8963031832412037722,PSN 00059360,HK1 0000000000000000,RAV 2.00,RPV 1.05
00181289,20200123030200,LAT  145448,LON  1209892,ALT  0008,RSS -051,OIC 140,OIV 502,OOC 340,OOV 118,ORV 301,OPT  402,MOD 00,PBV 0,SPA 1,GPC 12,DOP 07,CID 8963031832412037722,PSN 00059360,HK1 0000000000000000,RAV 2.00,RPV 1.05
00181289,20200123030100,LAT  145448,LON  1209892,ALT  0008,RSS -051,OIC 137,OIV 500,OOC 340,OOV 118,ORV 300,OPT  401,MOD 00,PBV 0,SPA 0,GPC 12,DOP 06,CID 8963031832412037722,PSN 00059360,HK1 0000000000000000,RAV 2.00,RPV 1.05
00181289,20200123030000,LAT  145448,LON  1209892,ALT  0009,RSS -051,OIC 140,OIV 501,OOC 340,OOV 118,ORV 299,OPT  400,MOD 00,PBV 0,SPA 0,GPC 12,DOP 06,CID 8963031832412037722,PSN 00059360,HK1 0000000000000000,RAV 2.00,RPV 1.05
00181289,20200123025900,LAT  145448,LON  1209892,ALT  0010,RSS -051,OIC 140,OIV 501,OOC 340,OOV 117,ORV 300,OPT  399,MOD 00,PBV 0,SPA 0,GPC 12,DOP 07,CID 8963031832412037722,PSN 00059360,HK1 0000000000000000,RAV 2.00,RPV 1.05
00181289,20200123025800,LAT  145448,LON  1209892,ALT  0011,RSS -051,OIC 138,OIV 498,OOC 340,OOV 118,ORV 300,OPT  398,MOD 00,PBV 0,SPA 1,GPC 12,DOP 06,CID 8963031832412037722,PSN 00059360,HK1 0000000000000000,RAV 2.00,RPV 1.05
00181289,20200123025700,LAT  145448,LON  1209892,ALT  0012,RSS -051,OIC 140,OIV 501,OOC 340,OOV 118,ORV 300,OPT  397,MOD 00,PBV 0,SPA 0,GPC 12,DOP 07,CID 8963031832412037722,PSN 00059360,HK1 0000000000000000,RAV 2.00,RPV 1.05
00181289,20200123025600,LAT  145448,LON  1209892,ALT  0013,RSS -051,OIC 139,OIV 500,OOC 340,OOV 117,ORV 299,OPT  396,MOD 00,PBV 0,SPA 1,GPC 12,DOP 07,CID 8963031832412037722,PSN 00059360,HK1 0000000000000000,RAV 2.00,RPV 1.05
00181289,20200123025500,LAT  145448,LON  1209892,ALT  0013,RSS -051,OIC 138,OIV 500,OOC 340,OOV 118,ORV 300,OPT  394,MOD 00,PBV 0,SPA 0,GPC 12,DOP 07,CID 8963031832412037722,PSN 00059360,HK1 0000000000000000,RAV 2.00,RPV 1.05
00181289,20200123025400,LAT  145448,LON  1209892,ALT  0012,RSS -051,OIC 140,OIV 500,OOC 340,OOV 118,ORV 299,OPT  393,MOD 00,PBV 0,SPA 0,GPC 12,DOP 07,CID 8963031832412037722,PSN 00059360,HK1 0000000000000000,RAV 2.00,RPV 1.05
00181289,20200123025300,LAT  145448,LON  1209892,ALT  0011,RSS -051,OIC 139,OIV 501,OOC 340,OOV 118,ORV 299,OPT  392,MOD 00,PBV 0,SPA 1,GPC 12,DOP 07,CID 8963031832412037722,PSN 00059360,HK1 0000000000000000,RAV 2.00,RPV 1.05
00181289,20200123025200,LAT  145448,LON  1209892,ALT  0011,RSS -051,OIC 138,OIV 498,OOC 340,OOV 118,ORV 300,OPT  391,MOD 00,PBV 0,SPA 0,GPC 12,DOP 07,CID 8963031832412037722,PSN 00059360,HK1 0000000000000000,RAV 2.00,RPV 1.05
00181289,20200123025100,LAT  145448,LON  1209892,ALT  0014,RSS -051,OIC 139,OIV 503,OOC 341,OOV 118,ORV 300,OPT  389,MOD 00,PBV 0,SPA 0,GPC 12,DOP 07,CID 8963031832412037722,PSN 00059360,HK1 0000000000000000,RAV 2.00,RPV 1.05
00181289,20200123025000,LAT  145448,LON  1209892,ALT  0014,RSS -051,OIC 140,OIV 502,OOC 340,OOV 118,ORV 299,OPT  389,MOD 00,PBV 0,SPA 0,GPC 12,DOP 07,CID 8963031832412037722,PSN 00059360,HK1 0000000000000000,RAV 2.00,RPV 1.05
00181289,20200123024900,LAT  145448,LON  1209892,ALT  0014,RSS -051,OIC 138,OIV 503,OOC 340,OOV 118,ORV 299,OPT  387,MOD 00,PBV 0,SPA 0,GPC 12,DOP 07,CID 8963031832412037722,PSN 00059360,HK1 0000000000000000,RAV 2.00,RPV 1.05
00181289,20200123024800,LAT  145448,LON  1209892,ALT  0015,RSS -051,OIC 139,OIV 502,OOC 340,OOV 117,ORV 299,OPT  386,MOD 00,PBV 0,SPA 0,GPC 12,DOP 07,CID 8963031832412037722,PSN 00059360,HK1 0000000000000000,RAV 2.00,RPV 1.05
00181289,20200123024700,LAT  145448,LON  1209892,ALT  0015,RSS -051,OIC 140,OIV 501,OOC 340,OOV 117,ORV 300,OPT  386,MOD 00,PBV 0,SPA 0,GPC 12,DOP 07,CID 8963031832412037722,PSN 00059360,HK1 0000000000000000,RAV 2.00,RPV 1.05
00181289,20200123024600,LAT  145448,LON  1209892,ALT  0015,RSS -051,OIC 138,OIV 500,OOC 340,OOV 118,ORV 300,OPT  385,MOD 00,PBV 0,SPA 0,GPC 12,DOP 07,CID 8963031832412037722,PSN 00059360,HK1 0000000000000000,RAV 2.00,RPV 1.05
00181289,20200123024500,LAT  145448,LON  1209892,ALT  0013,RSS -053,OIC 139,OIV 500,OOC 340,OOV 118,ORV 300,OPT  385,MOD 00,PBV 0,SPA 0,GPC 12,DOP 07,CID 8963031832412037722,PSN 00059360,HK1 0000000000000000,RAV 2.00,RPV 1.05
00181289,20200123024400,LAT  145448,LON  1209892,ALT  0012,RSS -053,OIC 140,OIV 503,OOC 340,OOV 118,ORV 299,OPT  384,MOD 00,PBV 0,SPA 0,GPC 12,DOP 07,CID 8963031832412037722,PSN 00059360,HK1 0000000000000000,RAV 2.00,RPV 1.05
00181289,20200123024300,LAT  145448,LON  1209892,ALT  0013,RSS -051,OIC 138,OIV 502,OOC 340,OOV 119,ORV 301,OPT  384,MOD 00,PBV 0,SPA 0,GPC 12,DOP 07,CID 8963031832412037722,PSN 00059360,HK1 0000000000000000,RAV 2.00,RPV 1.05
00181289,20200123024200,LAT  145448,LON  1209892,ALT  0013,RSS -051,OIC 140,OIV 501,OOC 341,OOV 118,ORV 300,OPT  384,MOD 00,PBV 0,SPA 0,GPC 12,DOP 08,CID 8963031832412037722,PSN 00059360,HK1 0000000000000000,RAV 2.00,RPV 1.05
00181289,20200123024100,LAT  145447,LON  1209892,ALT  0014,RSS -051,OIC 140,OIV 501,OOC 342,OOV 118,ORV 300,OPT  384,MOD 00,PBV 0,SPA 0,GPC 12,DOP 07,CID 8963031832412037722,PSN 00059360,HK1 0000000000000000,RAV 2.00,RPV 1.05
00181289,20200123024000,LAT  145447,LON  1209892,ALT  0012,RSS -051,OIC 138,OIV 501,OOC 342,OOV 117,ORV 299,OPT  384,MOD 00,PBV 0,SPA 0,GPC 12,DOP 07,CID 8963031832412037722,PSN 00059360,HK1 0000000000000000,RAV 2.00,RPV 1.05
00181289,20200123023900,LAT  145447,LON  1209893,ALT  0009,RSS -051,OIC 140,OIV 501,OOC 342,OOV 116,ORV 300,OPT  384,MOD 00,PBV 0,SPA 0,GPC 12,DOP 07,CID 8963031832412037722,PSN 00059360,HK1 0000000000000000,RAV 2.00,RPV 1.05
00181289,20200123023800,LAT  145447,LON  1209893,ALT  0011,RSS -051,OIC 140,OIV 503,OOC 342,OOV 117,ORV 299,OPT  383,MOD 00,PBV 0,SPA 0,GPC 12,DOP 07,CID 8963031832412037722,PSN 00059360,HK1 0000000000000000,RAV 2.00,RPV 1.05
00181289,20200123023700,LAT  145447,LON  1209892,ALT  0015,RSS -051,OIC 139,OIV 499,OOC 340,OOV 117,ORV 299,OPT  383,MOD 00,PBV 0,SPA 0,GPC 12,DOP 06,CID 8963031832412037722,PSN 00059360,HK1 0000000000000000,RAV 2.00,RPV 1.05
00181289,20200123023600,LAT  145448,LON  1209892,ALT  0016,RSS -051,OIC 141,OIV 501,OOC 341,OOV 118,ORV 300,OPT  383,MOD 00,PBV 0,SPA 0,GPC 12,DOP 07,CID 8963031832412037722,PSN 00059360,HK1 0000000000000000,RAV 2.00,RPV 1.05
00181289,20200123023500,LAT  145447,LON  1209892,ALT  0013,RSS -051,OIC 140,OIV 502,OOC 342,OOV 118,ORV 299,OPT  383,MOD 00,PBV 0,SPA 0,GPC 12,DOP 08,CID 8963031832412037722,PSN 00059360,HK1 0000000000000000,RAV 2.00,RPV 1.05
00181289,20200123023400,LAT  145447,LON  1209892,ALT  0010,RSS -051,OIC 139,OIV 499,OOC 342,OOV 117,ORV 300,OPT  383,MOD 00,PBV 0,SPA 1,GPC 12,DOP 07,CID 8963031832412037722,PSN 00059360,HK1 0000000000000000,RAV 2.00,RPV 1.05
00181289,20200123023300,LAT  145448,LON  1209892,ALT  0014,RSS -051,OIC 140,OIV 501,OOC 342,OOV 117,ORV 299,OPT  383,MOD 00,PBV 0,SPA 0,GPC 12,DOP 08,CID 8963031832412037722,PSN 00059360,HK1 0000000000000000,RAV 2.00,RPV 1.05
00181289,20200123023200,LAT  145448,LON  1209892,ALT  0015,RSS -051,OIC 140,OIV 501,OOC 340,OOV 116,ORV 299,OPT  382,MOD 00,PBV 0,SPA 0,GPC 12,DOP 07,CID 8963031832412037722,PSN 00059360,HK1 0000000000000000,RAV 2.00,RPV 1.05
00181289,20200123023100,LAT  145448,LON  1209892,ALT  0016,RSS -051,OIC 139,OIV 504,OOC 341,OOV 118,ORV 300,OPT  382,MOD 00,PBV 0,SPA 1,GPC 12,DOP 07,CID 8963031832412037722,PSN 00059360,HK1 0000000000000000,RAV 2.00,RPV 1.05
00181289,20200123023000,LAT  145448,LON  1209892,ALT  0016,RSS -051,OIC 140,OIV 501,OOC 340,OOV 117,ORV 299,OPT  382,MOD 00,PBV 0,SPA 1,GPC 12,DOP 07,CID 8963031832412037722,PSN 00059360,HK1 0000000000000000,RAV 2.00,RPV 1.05
00181289,20200123022900,LAT  145448,LON  1209892,ALT  0016,RSS -051,OIC 141,OIV 500,OOC 337,OOV 117,ORV 301,OPT  382,MOD 00,PBV 0,SPA 1,GPC 12,DOP 07,CID 8963031832412037722,PSN 00059360,HK1 0000000000000000,RAV 2.00,RPV 1.05
00181289,20200123022800,LAT  145448,LON  1209892,ALT  0017,RSS -051,OIC 139,OIV 500,OOC 339,OOV 118,ORV 300,OPT  382,MOD 00,PBV 0,SPA 0,GPC 12,DOP 07,CID 8963031832412037722,PSN 00059360,HK1 0000000000000000,RAV 2.00,RPV 1.05
00181289,20200123022700,LAT  145448,LON  1209892,ALT  0019,RSS -051,OIC 141,OIV 503,OOC 341,OOV 119,ORV 300,OPT  382,MOD 00,PBV 0,SPA 0,GPC 12,DOP 07,CID 8963031832412037722,PSN 00059360,HK1 0000000000000000,RAV 2.00,RPV 1.05
00181289,20200123022600,LAT  145448,LON  1209892,ALT  0021,RSS -051,OIC 141,OIV 500,OOC 341,OOV 117,ORV 300,OPT  383,MOD 00,PBV 0,SPA 0,GPC 12,DOP 07,CID 8963031832412037722,PSN 00059360,HK1 0000000000000000,RAV 2.00,RPV 1.05
00181289,20200123022500,LAT  145448,LON  1209892,ALT  0019,RSS -051,OIC 138,OIV 501,OOC 341,OOV 118,ORV 303,OPT  383,MOD 00,PBV 0,SPA 0,GPC 12,DOP 07,CID 8963031832412037722,PSN 00059360,HK1 0000000000000000,RAV 2.00,RPV 1.05
00181289,20200123022400,LAT  145448,LON  1209892,ALT  0018,RSS -051,OIC 140,OIV 503,OOC 341,OOV 118,ORV 299,OPT  383,MOD 00,PBV 0,SPA 0,GPC 12,DOP 07,CID 8963031832412037722,PSN 00059360,HK1 0000000000000000,RAV 2.00,RPV 1.05
00181289,20200123022300,LAT  145448,LON  1209892,ALT  0017,RSS -051,OIC 140,OIV 500,OOC 342,OOV 117,ORV 301,OPT  383,MOD 00,PBV 0,SPA 0,GPC 12,DOP 07,CID 8963031832412037722,PSN 00059360,HK1 0000000000000000,RAV 2.00,RPV 1.05
00181289,20200123022200,LAT  145448,LON  1209892,ALT  0020,RSS -051,OIC 138,OIV 499,OOC 342,OOV 117,ORV 300,OPT  383,MOD 00,PBV 0,SPA 1,GPC 12,DOP 07,CID 8963031832412037722,PSN 00059360,HK1 0000000000000000,RAV 2.00,RPV 1.05
00181289,20200123022100,LAT  145448,LON  1209892,ALT  0021,RSS -051,OIC 140,OIV 500,OOC 341,OOV 117,ORV 299,OPT  384,MOD 00,PBV 0,SPA 1,GPC 12,DOP 07,CID 8963031832412037722,PSN 00059360,HK1 0000000000000000,RAV 2.00,RPV 1.05
00181289,20200123022000,LAT  145448,LON  1209892,ALT  0022,RSS -051,OIC 140,OIV 499,OOC 341,OOV 117,ORV 299,OPT  384,MOD 00,PBV 0,SPA 0,GPC 12,DOP 08,CID 8963031832412037722,PSN 00059360,HK1 0000000000000000,RAV 2.00,RPV 1.05
00181289,20200123021900,LAT  145448,LON  1209892,ALT  0021,RSS -051,OIC 139,OIV 503,OOC 341,OOV 117,ORV 300,OPT  384,MOD 00,PBV 0,SPA 0,GPC 12,DOP 08,CID 8963031832412037722,PSN 00059360,HK1 0000000000000000,RAV 2.00,RPV 1.05
00181289,20200123021800,LAT  145448,LON  1209892,ALT  0018,RSS -051,OIC 141,OIV 501,OOC 342,OOV 117,ORV 300,OPT  384,MOD 00,PBV 0,SPA 0,GPC 12,DOP 07,CID 8963031832412037722,PSN 00059360,HK1 0000000000000000,RAV 2.00,RPV 1.05
00181289,20200123021700,LAT  145448,LON  1209892,ALT  0016,RSS -051,OIC 140,OIV 501,OOC 342,OOV 117,ORV 300,OPT  385,MOD 00,PBV 0,SPA 0,GPC 12,DOP 08,CID 8963031832412037722,PSN 00059360,HK1 0000000000000000,RAV 2.00,RPV 1.05
00181289,20200123021600,LAT  145448,LON  1209892,ALT  0016,RSS -051,OIC 139,OIV 501,OOC 341,OOV 117,ORV 300,OPT  385,MOD 00,PBV 0,SPA 0,GPC 12,DOP 08,CID 8963031832412037722,PSN 00059360,HK1 0000000000000000,RAV 2.00,RPV 1.05
00181289,20200123021500,LAT  145448,LON  1209892,ALT  0015,RSS -051,OIC 140,OIV 503,OOC 340,OOV 118,ORV 300,OPT  385,MOD 00,PBV 0,SPA 0,GPC 12,DOP 08,CID 8963031832412037722,PSN 00059360,HK1 0000000000000000,RAV 2.00,RPV 1.05
00181289,20200123021400,LAT  145448,LON  1209892,ALT  0010,RSS -051,OIC 140,OIV 498,OOC 340,OOV 117,ORV 300,OPT  386,MOD 00,PBV 0,SPA 1,GPC 12,DOP 09,CID 8963031832412037722,PSN 00059360,HK1 0000000000000000,RAV 2.00,RPV 1.05
00181289,20200123021300,LAT  145448,LON  1209892,ALT  0008,RSS -053,OIC 139,OIV 501,OOC 340,OOV 118,ORV 300,OPT  386,MOD 00,PBV 0,SPA 0,GPC 12,DOP 07,CID 8963031832412037722,PSN 00059360,HK1 0000000000000000,RAV 2.00,RPV 1.05
00181289,20200123021200,LAT  145448,LON  1209892,ALT  0013,RSS -051,OIC 141,OIV 502,OOC 340,OOV 118,ORV 300,OPT  385,MOD 00,PBV 0,SPA 1,GPC 12,DOP 08,CID 8963031832412037722,PSN 00059360,HK1 0000000000000000,RAV 2.00,RPV 1.05
00181289,20200123021100,LAT  145447,LON  1209892,ALT  0013,RSS -051,OIC 140,OIV 502,OOC 339,OOV 117,ORV 299,OPT  386,MOD 00,PBV 0,SPA 1,GPC 12,DOP 07,CID 8963031832412037722,PSN 00059360,HK1 0000000000000000,RAV 2.00,RPV 1.05
00181289,20200123021000,LAT  145448,LON  1209892,ALT  0013,RSS -051,OIC 139,OIV 500,OOC 341,OOV 118,ORV 299,OPT  386,MOD 00,PBV 0,SPA 0,GPC 12,DOP 08,CID 8963031832412037722,PSN 00059360,HK1 0000000000000000,RAV 2.00,RPV 1.05
00181289,20200123020900,LAT  145447,LON  1209892,ALT  0012,RSS -051,OIC 142,OIV 501,OOC 341,OOV 118,ORV 299,OPT  386,MOD 00,PBV 0,SPA 0,GPC 12,DOP 08,CID 8963031832412037722,PSN 00059360,HK1 0000000000000000,RAV 2.00,RPV 1.05
00181289,20200123020800,LAT  145448,LON  1209892,ALT  0009,RSS -051,OIC 140,OIV 501,OOC 341,OOV 118,ORV 301,OPT  386,MOD 00,PBV 0,SPA 0,GPC 12,DOP 06,CID 8963031832412037722,PSN 00059360,HK1 0000000000000000,RAV 2.00,RPV 1.05
00181289,20200123020700,LAT  145447,LON  1209892,ALT  0011,RSS -051,OIC 138,OIV 502,OOC 340,OOV 118,ORV 301,OPT  386,MOD 00,PBV 0,SPA 0,GPC 12,DOP 07,CID 8963031832412037722,PSN 00059360,HK1 0000000000000000,RAV 2.00,RPV 1.05
00181289,20200123020600,LAT  145447,LON  1209892,ALT  0010,RSS -051,OIC 140,OIV 499,OOC 340,OOV 117,ORV 300,OPT  387,MOD 00,PBV 0,SPA 1,GPC 12,DOP 08,CID 8963031832412037722,PSN 00059360,HK1 0000000000000000,RAV 2.00,RPV 1.05
00181289,20200123020500,LAT  145447,LON  1209892,ALT  0011,RSS -051,OIC 141,OIV 500,OOC 339,OOV 118,ORV 301,OPT  387,MOD 00,PBV 0,SPA 0,GPC 12,DOP 07,CID 8963031832412037722,PSN 00059360,HK1 0000000000000000,RAV 2.00,RPV 1.05
00181289,20200123020400,LAT  145447,LON  1209892,ALT  0010,RSS -051,OIC 138,OIV 502,OOC 339,OOV 118,ORV 300,OPT  387,MOD 00,PBV 0,SPA 1,GPC 12,DOP 07,CID 8963031832412037722,PSN 00059360,HK1 0000000000000000,RAV 2.00,RPV 1.05
00181289,20200123020300,LAT  145448,LON  1209892,ALT  0015,RSS -051,OIC 140,OIV 501,OOC 340,OOV 118,ORV 299,OPT  387,MOD 00,PBV 0,SPA 0,GPC 12,DOP 07,CID 8963031832412037722,PSN 00059360,HK1 0000000000000000,RAV 2.00,RPV 1.05
00181289,20200123020200,LAT  145448,LON  1209892,ALT  0019,RSS -051,OIC 140,OIV 503,OOC 340,OOV 118,ORV 300,OPT  387,MOD 00,PBV 0,SPA 0,GPC 12,DOP 08,CID 8963031832412037722,PSN 00059360,HK1 0000000000000000,RAV 2.00,RPV 1.05
00181289,20200123020100,LAT  145448,LON  1209892,ALT  0022,RSS -053,OIC 139,OIV 502,OOC 340,OOV 118,ORV 301,OPT  387,MOD 00,PBV 0,SPA 0,GPC 12,DOP 07,CID 8963031832412037722,PSN 00059360,HK1 0000000000000000,RAV 2.00,RPV 1.05
00181289,20200123020000,LAT  145448,LON  1209892,ALT  0020,RSS -051,OIC 141,OIV 501,OOC 340,OOV 117,ORV 299,OPT  387,MOD 00,PBV 0,SPA 0,GPC 12,DOP 08,CID 8963031832412037722,PSN 00059360,HK1 0000000000000000,RAV 2.00,RPV 1.05
00181289,20200123015900,LAT  145448,LON  1209892,ALT  0019,RSS -053,OIC 140,OIV 500,OOC 340,OOV 117,ORV 299,OPT  387,MOD 00,PBV 0,SPA 1,GPC 12,DOP 09,CID 8963031832412037722,PSN 00059360,HK1 0000000000000000,RAV 2.00,RPV 1.05
00181289,20200123015800,LAT  145447,LON  1209892,ALT  0016,RSS -051,OIC 138,OIV 501,OOC 339,OOV 118,ORV 301,OPT  387,MOD 00,PBV 0,SPA 1,GPC 12,DOP 08,CID 8963031832412037722,PSN 00059360,HK1 0000000000000000,RAV 2.00,RPV 1.05
00181289,20200123015700,LAT  145447,LON  1209892,ALT  0014,RSS -051,OIC 140,OIV 500,OOC 338,OOV 118,ORV 299,OPT  387,MOD 00,PBV 0,SPA 1,GPC 12,DOP 07,CID 8963031832412037722,PSN 00059360,HK1 0000000000000000,RAV 2.00,RPV 1.05
00181289,20200123015600,LAT  145448,LON  1209892,ALT  0013,RSS -051,OIC 140,OIV 501,OOC 339,OOV 117,ORV 300,OPT  388,MOD 00,PBV 0,SPA 0,GPC 12,DOP 07,CID 8963031832412037722,PSN 00059360,HK1 0000000000000000,RAV 2.00,RPV 1.05
00181289,20200123015500,LAT  145448,LON  1209893,ALT  0013,RSS -051,OIC 138,OIV 502,OOC 341,OOV 118,ORV 299,OPT  388,MOD 00,PBV 0,SPA 1,GPC 12,DOP 07,CID 8963031832412037722,PSN 00059360,HK1 0000000000000000,RAV 2.00,RPV 1.05
00181289,20200123015400,LAT  145448,LON  1209893,ALT  0016,RSS -051,OIC 140,OIV 502,OOC 342,OOV 117,ORV 299,OPT  389,MOD 00,PBV 0,SPA 0,GPC 12,DOP 07,CID 8963031832412037722,PSN 00059360,HK1 0000000000000000,RAV 2.00,RPV 1.05
00181289,20200123015300,LAT  145448,LON  1209892,ALT  0015,RSS -051,OIC 141,OIV 501,OOC 342,OOV 117,ORV 299,OPT  389,MOD 00,PBV 0,SPA 0,GPC 12,DOP 07,CID 8963031832412037722,PSN 00059360,HK1 0000000000000000,RAV 2.00,RPV 1.05
00181289,20200123015200,LAT  145448,LON  1209892,ALT  0015,RSS -051,OIC 138,OIV 502,OOC 342,OOV 118,ORV 299,OPT  389,MOD 00,PBV 0,SPA 0,GPC 12,DOP 07,CID 8963031832412037722,PSN 00059360,HK1 0000000000000000,RAV 2.00,RPV 1.05
00181289,20200123015100,LAT  145448,LON  1209892,ALT  0014,RSS -051,OIC 141,OIV 500,OOC 341,OOV 116,ORV 300,OPT  390,MOD 00,PBV 0,SPA 0,GPC 12,DOP 07,CID 8963031832412037722,PSN 00059360,HK1 0000000000000000,RAV 2.00,RPV 1.05
00181289,20200123015000,LAT  145447,LON  1209892,ALT  0010,RSS -051,OIC 141,OIV 500,OOC 341,OOV 117,ORV 299,OPT  390,MOD 00,PBV 0,SPA 0,GPC 12,DOP 07,CID 8963031832412037722,PSN 00059360,HK1 0000000000000000,RAV 2.00,RPV 1.05
00181289,20200123014900,LAT  145447,LON  1209892,ALT  0012,RSS -051,OIC 139,OIV 500,OOC 342,OOV 117,ORV 299,OPT  391,MOD 00,PBV 0,SPA 0,GPC 12,DOP 07,CID 8963031832412037722,PSN 00059360,HK1 0000000000000000,RAV 2.00,RPV 1.05
00181289,20200123014800,LAT  145447,LON  1209892,ALT  0012,RSS -051,OIC 141,OIV 499,OOC 342,OOV 117,ORV 300,OPT  391,MOD 00,PBV 0,SPA 0,GPC 12,DOP 07,CID 8963031832412037722,PSN 00059360,HK1 0000000000000000,RAV 2.00,RPV 1.05
00181289,20200123014700,LAT  145447,LON  1209892,ALT  0011,RSS -051,OIC 141,OIV 502,OOC 342,OOV 117,ORV 300,OPT  392,MOD 00,PBV 0,SPA 0,GPC 12,DOP 07,CID 8963031832412037722,PSN 00059360,HK1 0000000000000000,RAV 2.00,RPV 1.05
00181289,20200123014600,LAT  145448,LON  1209892,ALT  0014,RSS -051,OIC 139,OIV 503,OOC 342,OOV 117,ORV 302,OPT  393,MOD 00,PBV 0,SPA 0,GPC 12,DOP 07,CID 8963031832412037722,PSN 00059360,HK1 0000000000000000,RAV 2.00,RPV 1.05
00181289,20200123014500,LAT  145448,LON  1209892,ALT  0019,RSS -051,OIC 141,OIV 502,OOC 342,OOV 116,ORV 299,OPT  393,MOD 00,PBV 0,SPA 0,GPC 12,DOP 07,CID 8963031832412037722,PSN 00059360,HK1 0000000000000000,RAV 2.00,RPV 1.05
00181289,20200123014400,LAT  145448,LON  1209893,ALT  0020,RSS -051,OIC 141,OIV 502,OOC 342,OOV 117,ORV 301,OPT  394,MOD 00,PBV 0,SPA 0,GPC 12,DOP 07,CID 8963031832412037722,PSN 00059360,HK1 0000000000000000,RAV 2.00,RPV 1.05
00181289,20200123014300,LAT  145448,LON  1209893,ALT  0020,RSS -051,OIC 139,OIV 502,OOC 342,OOV 117,ORV 299,OPT  394,MOD 00,PBV 0,SPA 1,GPC 12,DOP 07,CID 8963031832412037722,PSN 00059360,HK1 0000000000000000,RAV 2.00,RPV 1.05
00181289,20200123014200,LAT  145448,LON  1209892,ALT  0019,RSS -051,OIC 141,OIV 501,OOC 342,OOV 117,ORV 300,OPT  395,MOD 00,PBV 0,SPA 0,GPC 12,DOP 07,CID 8963031832412037722,PSN 00059360,HK1 0000000000000000,RAV 2.00,RPV 1.05
00181289,20200123014100,LAT  145448,LON  1209892,ALT  0014,RSS -051,OIC 141,OIV 500,OOC 342,OOV 117,ORV 300,OPT  395,MOD 00,PBV 0,SPA 0,GPC 12,DOP 07,CID 8963031832412037722,PSN 00059360,HK1 0000000000000000,RAV 2.00,RPV 1.05
00181289,20200123014000,LAT  145448,LON  1209892,ALT  0012,RSS -051,OIC 139,OIV 504,OOC 342,OOV 117,ORV 300,OPT  395,MOD 00,PBV 0,SPA 0,GPC 12,DOP 07,CID 8963031832412037722,PSN 00059360,HK1 0000000000000000,RAV 2.00,RPV 1.05
00181289,20200123013900,LAT  145447,LON  1209892,ALT  0012,RSS -051,OIC 140,OIV 503,OOC 342,OOV 117,ORV 299,OPT  395,MOD 00,PBV 0,SPA 0,GPC 12,DOP 07,CID 8963031832412037722,PSN 00059360,HK1 0000000000000000,RAV 2.00,RPV 1.05
00181289,20200123013800,LAT  145447,LON  1209892,ALT  0011,RSS -051,OIC 140,OIV 500,OOC 342,OOV 116,ORV 300,OPT  395,MOD 00,PBV 0,SPA 0,GPC 12,DOP 08,CID 8963031832412037722,PSN 00059360,HK1 0000000000000000,RAV 2.00,RPV 1.05
00181289,20200123013700,LAT  145447,LON  1209893,ALT  0011,RSS -051,OIC 140,OIV 502,OOC 342,OOV 117,ORV 300,OPT  395,MOD 00,PBV 0,SPA 0,GPC 12,DOP 06,CID 8963031832412037722,PSN 00059360,HK1 0000000000000000,RAV 2.00,RPV 1.05
00181289,20200123013600,LAT  145448,LON  1209892,ALT  0012,RSS -051,OIC 141,OIV 502,OOC 342,OOV 116,ORV 299,OPT  395,MOD 00,PBV 0,SPA 0,GPC 12,DOP 06,CID 8963031832412037722,PSN 00059360,HK1 0000000000000000,RAV 2.00,RPV 1.05
00181289,20200123013500,LAT  145448,LON  1209892,ALT  0013,RSS -051,OIC 140,OIV 501,OOC 341,OOV 117,ORV 300,OPT  395,MOD 00,PBV 0,SPA 0,GPC 12,DOP 06,CID 8963031832412037722,PSN 00059360,HK1 0000000000000000,RAV 2.00,RPV 1.05
00181289,20200123013400,LAT  145447,LON  1209892,ALT  0016,RSS -051,OIC 139,OIV 502,OOC 340,OOV 117,ORV 301,OPT  394,MOD 00,PBV 0,SPA 0,GPC 12,DOP 06,CID 8963031832412037722,PSN 00059360,HK1 0000000000000000,RAV 2.00,RPV 1.05
00181289,20200123013300,LAT  145447,LON  1209892,ALT  0016,RSS -051,OIC 140,OIV 501,OOC 339,OOV 118,ORV 299,OPT  394,MOD 00,PBV 0,SPA 1,GPC 12,DOP 07,CID 8963031832412037722,PSN 00059360,HK1 0000000000000000,RAV 2.00,RPV 1.05
00181289,20200123013200,LAT  145448,LON  1209892,ALT  0016,RSS -051,OIC 141,OIV 502,OOC 340,OOV 118,ORV 300,OPT  394,MOD 00,PBV 0,SPA 0,GPC 12,DOP 06,CID 8963031832412037722,PSN 00059360,HK1 0000000000000000,RAV 2.00,RPV 1.05
00181289,20200123013100,LAT  145448,LON  1209892,ALT  0015,RSS -051,OIC 139,OIV 500,OOC 340,OOV 118,ORV 299,OPT  394,MOD 00,PBV 0,SPA 0,GPC 12,DOP 06,CID 8963031832412037722,PSN 00059360,HK1 0000000000000000,RAV 2.00,RPV 1.05
00181289,20200123013000,LAT  145448,LON  1209892,ALT  0017,RSS -051,OIC 140,OIV 500,OOC 338,OOV 118,ORV 300,OPT  393,MOD 00,PBV 0,SPA 0,GPC 12,DOP 06,CID 8963031832412037722,PSN 00059360,HK1 0000000000000000,RAV 2.00,RPV 1.05
00181289,20200123012900,LAT  145448,LON  1209892,ALT  0015,RSS -051,OIC 140,OIV 503,OOC 336,OOV 118,ORV 300,OPT  392,MOD 00,PBV 0,SPA 0,GPC 12,DOP 06,CID 8963031832412037722,PSN 00059360,HK1 0000000000000000,RAV 2.00,RPV 1.05
00181289,20200123012800,LAT  145448,LON  1209892,ALT  0016,RSS -051,OIC 138,OIV 498,OOC 336,OOV 120,ORV 299,OPT  392,MOD 00,PBV 0,SPA 0,GPC 12,DOP 06,CID 8963031832412037722,PSN 00059360,HK1 0000000000000000,RAV 2.00,RPV 1.05
00181289,20200123012700,LAT  145448,LON  1209892,ALT  0015,RSS -051,OIC 141,OIV 502,OOC 336,OOV 119,ORV 300,OPT  391,MOD 00,PBV 0,SPA 0,GPC 12,DOP 07,CID 8963031832412037722,PSN 00059360,HK1 0000000000000000,RAV 2.00,RPV 1.05
00181289,20200123012600,LAT  145448,LON  1209892,ALT  0015,RSS -051,OIC 141,OIV 501,OOC 336,OOV 119,ORV 299,OPT  391,MOD 00,PBV 0,SPA 1,GPC 12,DOP 07,CID 8963031832412037722,PSN 00059360,HK1 0000000000000000,RAV 2.00,RPV 1.05
00181289,20200123012500,LAT  145448,LON  1209892,ALT  0014,RSS -051,OIC 139,OIV 502,OOC 336,OOV 119,ORV 303,OPT  390,MOD 00,PBV 0,SPA 1,GPC 12,DOP 07,CID 8963031832412037722,PSN 00059360,HK1 0000000000000000,RAV 2.00,RPV 1.05
00181289,20200123012400,LAT  145448,LON  1209892,ALT  0014,RSS -051,OIC 141,OIV 502,OOC 337,OOV 119,ORV 299,OPT  390,MOD 00,PBV 0,SPA 0,GPC 12,DOP 07,CID 8963031832412037722,PSN 00059360,HK1 0000000000000000,RAV 2.00,RPV 1.05
00181289,20200123012300,LAT  145447,LON  1209892,ALT  0013,RSS -051,OIC 140,OIV 501,OOC 337,OOV 119,ORV 300,OPT  389,MOD 00,PBV 0,SPA 1,GPC 12,DOP 06,CID 8963031832412037722,PSN 00059360,HK1 0000000000000000,RAV 2.00,RPV 1.05
00181289,20200123012200,LAT  145447,LON  1209892,ALT  0014,RSS -051,OIC 139,OIV 500,OOC 336,OOV 119,ORV 300,OPT  389,MOD 00,PBV 0,SPA 1,GPC 12,DOP 07,CID 8963031832412037722,PSN 00059360,HK1 0000000000000000,RAV 2.00,RPV 1.05
00181289,20200123012100,LAT  145447,LON  1209892,ALT  0015,RSS -051,OIC 140,OIV 501,OOC 336,OOV 119,ORV 300,OPT  388,MOD 00,PBV 0,SPA 0,GPC 12,DOP 07,CID 8963031832412037722,PSN 00059360,HK1 0000000000000000,RAV 2.00,RPV 1.05
00181289,20200123012000,LAT  145447,LON  1209892,ALT  0012,RSS -051,OIC 141,OIV 503,OOC 338,OOV 119,ORV 301,OPT  388,MOD 00,PBV 0,SPA 0,GPC 12,DOP 07,CID 8963031832412037722,PSN 00059360,HK1 0000000000000000,RAV 2.00,RPV 1.05
00181289,20200123011900,LAT  145447,LON  1209892,ALT  0009,RSS -051,OIC 139,OIV 499,OOC 341,OOV 120,ORV 302,OPT  387,MOD 00,PBV 0,SPA 0,GPC 12,DOP 06,CID 8963031832412037722,PSN 00059360,HK1 0000000000000000,RAV 2.00,RPV 1.05
00181289,20200123011800,LAT  145447,LON  1209892,ALT  0008,RSS -051,OIC 140,OIV 500,OOC 339,OOV 117,ORV 300,OPT  386,MOD 00,PBV 0,SPA 0,GPC 12,DOP 06,CID 8963031832412037722,PSN 00059360,HK1 0000000000000000,RAV 2.00,RPV 1.05
00181289,20200123011700,LAT  145447,LON  1209892,ALT  0008,RSS -051,OIC 140,OIV 501,OOC 336,OOV 118,ORV 300,OPT  385,MOD 00,PBV 0,SPA 1,GPC 12,DOP 06,CID 8963031832412037722,PSN 00059360,HK1 0000000000000000,RAV 2.00,RPV 1.05
00181289,20200123011600,LAT  145447,LON  1209892,ALT  0011,RSS -051,OIC 138,OIV 502,OOC 336,OOV 120,ORV 299,OPT  385,MOD 00,PBV 0,SPA 0,GPC 12,DOP 06,CID 8963031832412037722,PSN 00059360,HK1 0000000000000000,RAV 2.00,RPV 1.05
00181289,20200123011500,LAT  145447,LON  1209892,ALT  0011,RSS -051,OIC 140,OIV 502,OOC 336,OOV 119,ORV 299,OPT  384,MOD 00,PBV 0,SPA 0,GPC 12,DOP 06,CID 8963031832412037722,PSN 00059360,HK1 0000000000000000,RAV 2.00,RPV 1.05
00181289,20200123011400,LAT  145447,LON  1209892,ALT  0016,RSS -051,OIC 140,OIV 501,OOC 338,OOV 119,ORV 300,OPT  383,MOD 00,PBV 0,SPA 1,GPC 12,DOP 06,CID 8963031832412037722,PSN 00059360,HK1 0000000000000000,RAV 2.00,RPV 1.05
00181289,20200123011300,LAT  145448,LON  1209892,ALT  0020,RSS -051,OIC 138,OIV 500,OOC 337,OOV 118,ORV 300,OPT  383,MOD 00,PBV 0,SPA 1,GPC 12,DOP 06,CID 8963031832412037722,PSN 00059360,HK1 0000000000000000,RAV 2.00,RPV 1.05
00181289,20200123011200,LAT  145447,LON  1209892,ALT  0024,RSS -051,OIC 140,OIV 504,OOC 337,OOV 118,ORV 299,OPT  382,MOD 00,PBV 0,SPA 0,GPC 12,DOP 06,CID 8963031832412037722,PSN 00059360,HK1 0000000000000000,RAV 2.00,RPV 1.05
00181289,20200123011100,LAT  145447,LON  1209892,ALT  0025,RSS -051,OIC 140,OIV 500,OOC 337,OOV 119,ORV 301,OPT  381,MOD 00,PBV 0,SPA 0,GPC 12,DOP 06,CID 8963031832412037722,PSN 00059360,HK1 0000000000000000,RAV 2.00,RPV 1.05
00181289,20200123011000,LAT  145447,LON  1209892,ALT  0022,RSS -051,OIC 139,OIV 502,OOC 337,OOV 118,ORV 300,OPT  380,MOD 00,PBV 0,SPA 1,GPC 12,DOP 06,CID 8963031832412037722,PSN 00059360,HK1 0000000000000000,RAV 2.00,RPV 1.05
00181289,20200123010900,LAT  145447,LON  1209892,ALT  0019,RSS -051,OIC 140,OIV 500,OOC 338,OOV 118,ORV 299,OPT  379,MOD 00,PBV 0,SPA 0,GPC 12,DOP 06,CID 8963031832412037722,PSN 00059360,HK1 0000000000000000,RAV 2.00,RPV 1.05
00181289,20200123010800,LAT  145447,LON  1209892,ALT  0016,RSS -051,OIC 139,OIV 501,OOC 338,OOV 119,ORV 300,OPT  379,MOD 00,PBV 0,SPA 0,GPC 12,DOP 07,CID 8963031832412037722,PSN 00059360,HK1 0000000000000000,RAV 2.00,RPV 1.05
00181289,20200123010700,LAT  145447,LON  1209892,ALT  0016,RSS -051,OIC 138,OIV 500,OOC 338,OOV 119,ORV 300,OPT  378,MOD 00,PBV 0,SPA 0,GPC 12,DOP 07,CID 8963031832412037722,PSN 00059360,HK1 0000000000000000,RAV 2.00,RPV 1.05
00181289,20200123010600,LAT  145447,LON  1209892,ALT  0017,RSS -051,OIC 140,OIV 500,OOC 339,OOV 118,ORV 300,OPT  377,MOD 00,PBV 0,SPA 1,GPC 12,DOP 06,CID 8963031832412037722,PSN 00059360,HK1 0000000000000000,RAV 2.00,RPV 1.05
00181289,20200123010500,LAT  145447,LON  1209892,ALT  0014,RSS -051,OIC 140,OIV 503,OOC 340,OOV 119,ORV 299,OPT  377,MOD 00,PBV 0,SPA 0,GPC 12,DOP 06,CID 8963031832412037722,PSN 00059360,HK1 0000000000000000,RAV 2.00,RPV 1.05
00181289,20200123010400,LAT  145447,LON  1209892,ALT  0011,RSS -051,OIC 138,OIV 500,OOC 340,OOV 118,ORV 300,OPT  376,MOD 00,PBV 0,SPA 0,GPC 12,DOP 06,CID 8963031832412037722,PSN 00059360,HK1 0000000000000000,RAV 2.00,RPV 1.05
00181289,20200123010300,LAT  145447,LON  1209892,ALT  0012,RSS -051,OIC 140,OIV 502,OOC 341,OOV 118,ORV 300,OPT  374,MOD 00,PBV 0,SPA 0,GPC 12,DOP 06,CID 8963031832412037722,PSN 00059360,HK1 0000000000000000,RAV 2.00,RPV 1.05
00181289,20200123010200,LAT  145447,LON  1209892,ALT  0011,RSS -051,OIC 140,OIV 501,OOC 341,OOV 118,ORV 301,OPT  374,MOD 00,PBV 0,SPA 1,GPC 12,DOP 06,CID 8963031832412037722,PSN 00059360,HK1 0000000000000000,RAV 2.00,RPV 1.05
00181289,20200123010100,LAT  145447,LON  1209892,ALT  0007,RSS -051,OIC 138,OIV 501,OOC 342,OOV 117,ORV 301,OPT  374,MOD 00,PBV 0,SPA 1,GPC 12,DOP 06,CID 8963031832412037722,PSN 00059360,HK1 0000000000000000,RAV 2.00,RPV 1.05
00181289,20200123010000,LAT  145447,LON  1209892,ALT  0009,RSS -051,OIC 139,OIV 501,OOC 342,OOV 117,ORV 300,OPT  373,MOD 00,PBV 0,SPA 0,GPC 12,DOP 06,CID 8963031832412037722,PSN 00059360,HK1 0000000000000000,RAV 2.00,RPV 1.05
00181289,20200123005900,LAT  145448,LON  1209892,ALT  0005,RSS -051,OIC 139,OIV 503,OOC 342,OOV 117,ORV 299,OPT  372,MOD 00,PBV 0,SPA 0,GPC 12,DOP 06,CID 8963031832412037722,PSN 00059360,HK1 0000000000000000,RAV 2.00,RPV 1.05
00181289,20200123005800,LAT  145448,LON  1209892,ALT  0004,RSS -051,OIC 138,OIV 501,OOC 341,OOV 118,ORV 300,OPT  372,MOD 00,PBV 0,SPA 0,GPC 12,DOP 07,CID 8963031832412037722,PSN 00059360,HK1 0000000000000000,RAV 2.00,RPV 1.05
00181289,20200123005700,LAT  145448,LON  1209892,ALT  0002,RSS -051,OIC 139,OIV 504,OOC 341,OOV 116,ORV 300,OPT  371,MOD 00,PBV 0,SPA 0,GPC 12,DOP 06,CID 8963031832412037722,PSN 00059360,HK1 0000000000000000,RAV 2.00,RPV 1.05
00181289,20200123005600,LAT  145447,LON  1209892,ALT  0003,RSS -051,OIC 139,OIV 503,OOC 340,OOV 118,ORV 300,OPT  370,MOD 00,PBV 0,SPA 1,GPC 12,DOP 07,CID 8963031832412037722,PSN 00059360,HK1 0000000000000000,RAV 2.00,RPV 1.05
00181289,20200123005500,LAT  145448,LON  1209892,ALT  0003,RSS -057,OIC 138,OIV 500,OOC 341,OOV 117,ORV 300,OPT  369,MOD 00,PBV 0,SPA 0,GPC 12,DOP 06,CID 8963031832412037722,PSN 00059360,HK1 0000000000000000,RAV 2.00,RPV 1.05
00181289,20200123005400,LAT  145447,LON  1209892,ALT  0008,RSS -057,OIC 140,OIV 500,OOC 341,OOV 117,ORV 301,OPT  368,MOD 00,PBV 0,SPA 0,GPC 12,DOP 06,CID 8963031832412037722,PSN 00059360,HK1 0000000000000000,RAV 2.00,RPV 1.05
00181289,20200123005300,LAT  145447,LON  1209892,ALT  0008,RSS -051,OIC 139,OIV 502,OOC 342,OOV 117,ORV 300,OPT  367,MOD 00,PBV 0,SPA 0,GPC 12,DOP 06,CID 8963031832412037722,PSN 00059360,HK1 0000000000000000,RAV 2.00,RPV 1.05
00181289,20200123005200,LAT  145447,LON  1209892,ALT  0011,RSS -051,OIC 138,OIV 501,OOC 342,OOV 117,ORV 300,OPT  366,MOD 00,PBV 0,SPA 1,GPC 12,DOP 06,CID 8963031832412037722,PSN 00059360,HK1 0000000000000000,RAV 2.00,RPV 1.05
00181289,20200123005100,LAT  145447,LON  1209892,ALT  0014,RSS -051,OIC 139,OIV 500,OOC 341,OOV 118,ORV 299,OPT  365,MOD 00,PBV 0,SPA 0,GPC 12,DOP 06,CID 8963031832412037722,PSN 00059360,HK1 0000000000000000,RAV 2.00,RPV 1.05
00181289,20200123005000,LAT  145447,LON  1209892,ALT  0019,RSS -051,OIC 140,OIV 499,OOC 341,OOV 119,ORV 299,OPT  364,MOD 00,PBV 0,SPA 0,GPC 12,DOP 06,CID 8963031832412037722,PSN 00059360,HK1 0000000000000000,RAV 2.00,RPV 1.05
00181289,20200123004900,LAT  145447,LON  1209892,ALT  0019,RSS -051,OIC 139,OIV 503,OOC 340,OOV 117,ORV 301,OPT  363,MOD 00,PBV 0,SPA 0,GPC 12,DOP 06,CID 8963031832412037722,PSN 00059360,HK1 0000000000000000,RAV 2.00,RPV 1.05
00181289,20200123004800,LAT  145447,LON  1209892,ALT  0017,RSS -051,OIC 139,OIV 500,OOC 340,OOV 118,ORV 299,OPT  362,MOD 00,PBV 0,SPA 0,GPC 12,DOP 06,CID 8963031832412037722,PSN 00059360,HK1 0000000000000000,RAV 2.00,RPV 1.05
00181289,20200123004700,LAT  145447,LON  1209892,ALT  0012,RSS -051,OIC 139,OIV 503,OOC 340,OOV 118,ORV 300,OPT  362,MOD 00,PBV 0,SPA 0,GPC 12,DOP 06,CID 8963031832412037722,PSN 00059360,HK1 0000000000000000,RAV 2.00,RPV 1.05
00181289,20200123004600,LAT  145447,LON  1209892,ALT  0011,RSS -051,OIC 138,OIV 500,OOC 339,OOV 118,ORV 301,OPT  361,MOD 00,PBV 0,SPA 1,GPC 12,DOP 06,CID 8963031832412037722,PSN 00059360,HK1 0000000000000000,RAV 2.00,RPV 1.05
00181289,20200123004500,LAT  145447,LON  1209892,ALT  0007,RSS -051,OIC 140,OIV 501,OOC 339,OOV 118,ORV 299,OPT  360,MOD 00,PBV 0,SPA 0,GPC 12,DOP 06,CID 8963031832412037722,PSN 00059360,HK1 0000000000000000,RAV 2.00,RPV 1.05
00181289,20200123004400,LAT  145447,LON  1209892,ALT  0009,RSS -051,OIC 139,OIV 499,OOC 340,OOV 119,ORV 300,OPT  359,MOD 00,PBV 0,SPA 1,GPC 12,DOP 07,CID 8963031832412037722,PSN 00059360,HK1 0000000000000000,RAV 2.00,RPV 1.05
00181289,20200123004300,LAT  145447,LON  1209892,ALT  0014,RSS -051,OIC 138,OIV 501,OOC 340,OOV 117,ORV 300,OPT  358,MOD 00,PBV 0,SPA 0,GPC 12,DOP 06,CID 8963031832412037722,PSN 00059360,HK1 0000000000000000,RAV 2.00,RPV 1.05
00181289,20200123004200,LAT  145447,LON  1209892,ALT  0020,RSS -051,OIC 140,OIV 502,OOC 340,OOV 118,ORV 300,OPT  357,MOD 00,PBV 0,SPA 0,GPC 12,DOP 06,CID 8963031832412037722,PSN 00059360,HK1 0000000000000000,RAV 2.00,RPV 1.05
00181289,20200123004100,LAT  145447,LON  1209892,ALT  0024,RSS -051,OIC 140,OIV 501,OOC 340,OOV 117,ORV 301,OPT  356,MOD 00,PBV 0,SPA 1,GPC 12,DOP 06,CID 8963031832412037722,PSN 00059360,HK1 0000000000000000,RAV 2.00,RPV 1.05
00181289,20200123004000,LAT  145447,LON  1209892,ALT  0023,RSS -051,OIC 138,OIV 500,OOC 340,OOV 118,ORV 300,OPT  355,MOD 00,PBV 0,SPA 1,GPC 12,DOP 06,CID 8963031832412037722,PSN 00059360,HK1 0000000000000000,RAV 2.00,RPV 1.05
00181289,20200123003900,LAT  145447,LON  1209892,ALT  0024,RSS -051,OIC 140,OIV 497,OOC 341,OOV 117,ORV 301,OPT  355,MOD 00,PBV 0,SPA 0,GPC 12,DOP 06,CID 8963031832412037722,PSN 00059360,HK1 0000000000000000,RAV 2.00,RPV 1.05
00181289,20200123003800,LAT  145447,LON  1209892,ALT  0021,RSS -051,OIC 140,OIV 500,OOC 339,OOV 117,ORV 301,OPT  354,MOD 00,PBV 0,SPA 0,GPC 12,DOP 06,CID 8963031832412037722,PSN 00059360,HK1 0000000000000000,RAV 2.00,RPV 1.05
00181289,20200123003700,LAT  145447,LON  1209892,ALT  0020,RSS -051,OIC 138,OIV 501,OOC 340,OOV 118,ORV 300,OPT  354,MOD 00,PBV 0,SPA 0,GPC 12,DOP 07,CID 8963031832412037722,PSN 00059360,HK1 0000000000000000,RAV 2.00,RPV 1.05
00181289,20200123003600,LAT  145447,LON  1209892,ALT  0019,RSS -051,OIC 139,OIV 499,OOC 344,OOV 117,ORV 302,OPT  354,MOD 00,PBV 0,SPA 1,GPC 12,DOP 06,CID 8963031832412037722,PSN 00059360,HK1 0000000000000000,RAV 2.00,RPV 1.05
00181289,20200123003500,LAT  145447,LON  1209892,ALT  0019,RSS -051,OIC 139,OIV 499,OOC 345,OOV 117,ORV 300,OPT  353,MOD 00,PBV 0,SPA 0,GPC 12,DOP 06,CID 8963031832412037722,PSN 00059360,HK1 0000000000000000,RAV 2.00,RPV 1.05
00181289,20200123003400,LAT  145447,LON  1209892,ALT  0021,RSS -051,OIC 137,OIV 500,OOC 343,OOV 116,ORV 300,OPT  353,MOD 00,PBV 0,SPA 0,GPC 12,DOP 06,CID 8963031832412037722,PSN 00059360,HK1 0000000000000000,RAV 2.00,RPV 1.05
00181289,20200123003300,LAT  145447,LON  1209892,ALT  0020,RSS -051,OIC 140,OIV 502,OOC 343,OOV 117,ORV 299,OPT  353,MOD 00,PBV 0,SPA 0,GPC 12,DOP 06,CID 8963031832412037722,PSN 00059360,HK1 0000000000000000,RAV 2.00,RPV 1.05
00181289,20200123003200,LAT  145447,LON  1209892,ALT  0019,RSS -051,OIC 140,OIV 499,OOC 341,OOV 117,ORV 299,OPT  352,MOD 00,PBV 0,SPA 0,GPC 12,DOP 06,CID 8963031832412037722,PSN 00059360,HK1 0000000000000000,RAV 2.00,RPV 1.05
00181289,20200123003100,LAT  145447,LON  1209892,ALT  0013,RSS -051,OIC 138,OIV 500,OOC 343,OOV 118,ORV 300,OPT  352,MOD 00,PBV 0,SPA 0,GPC 12,DOP 06,CID 8963031832412037722,PSN 00059360,HK1 0000000000000000,RAV 2.00,RPV 1.05
00181289,20200123003000,LAT  145448,LON  1209892,ALT  0013,RSS -051,OIC 139,OIV 501,OOC 344,OOV 116,ORV 299,OPT  352,MOD 00,PBV 0,SPA 1,GPC 12,DOP 06,CID 8963031832412037722,PSN 00059360,HK1 0000000000000000,RAV 2.00,RPV 1.05
00181289,20200123002900,LAT  145448,LON  1209892,ALT  0014,RSS -051,OIC 139,OIV 501,OOC 345,OOV 116,ORV 301,OPT  352,MOD 00,PBV 0,SPA 0,GPC 12,DOP 06,CID 8963031832412037722,PSN 00059360,HK1 0000000000000000,RAV 2.00,RPV 1.05
00181289,20200123002800,LAT  145448,LON  1209893,ALT  0015,RSS -051,OIC 138,OIV 497,OOC 345,OOV 117,ORV 301,OPT  352,MOD 00,PBV 0,SPA 0,GPC 12,DOP 06,CID 8963031832412037722,PSN 00059360,HK1 0000000000000000,RAV 2.00,RPV 1.05
00181289,20200123002700,LAT  145448,LON  1209892,ALT  0016,RSS -051,OIC 140,OIV 505,OOC 344,OOV 116,ORV 299,OPT  352,MOD 00,PBV 0,SPA 0,GPC 12,DOP 06,CID 8963031832412037722,PSN 00059360,HK1 0000000000000000,RAV 2.00,RPV 1.05
00181289,20200123002600,LAT  145448,LON  1209892,ALT  0018,RSS -051,OIC 139,OIV 501,OOC 344,OOV 117,ORV 300,OPT  351,MOD 00,PBV 0,SPA 0,GPC 12,DOP 06,CID 8963031832412037722,PSN 00059360,HK1 0000000000000000,RAV 2.00,RPV 1.05
00181289,20200123002500,LAT  145448,LON  1209892,ALT  0019,RSS -051,OIC 137,OIV 502,OOC 344,OOV 117,ORV 299,OPT  351,MOD 00,PBV 0,SPA 0,GPC 12,DOP 06,CID 8963031832412037722,PSN 00059360,HK1 0000000000000000,RAV 2.00,RPV 1.05
00181289,20200123002400,LAT  145448,LON  1209892,ALT  0020,RSS -051,OIC 139,OIV 502,OOC 345,OOV 116,ORV 299,OPT  351,MOD 00,PBV 0,SPA 0,GPC 12,DOP 06,CID 8963031832412037722,PSN 00059360,HK1 0000000000000000,RAV 2.00,RPV 1.05
00181289,20200123002300,LAT  145448,LON  1209892,ALT  0021,RSS -051,OIC 140,OIV 502,OOC 345,OOV 116,ORV 299,OPT  351,MOD 00,PBV 0,SPA 0,GPC 12,DOP 06,CID 8963031832412037722,PSN 00059360,HK1 0000000000000000,RAV 2.00,RPV 1.05
00181289,20200123002200,LAT  145448,LON  1209892,ALT  0016,RSS -051,OIC 137,OIV 501,OOC 345,OOV 116,ORV 299,OPT  351,MOD 00,PBV 0,SPA 0,GPC 12,DOP 06,CID 8963031832412037722,PSN 00059360,HK1 0000000000000000,RAV 2.00,RPV 1.05
00181289,20200123002100,LAT  145448,LON  1209892,ALT  0015,RSS -061,OIC 139,OIV 499,OOC 346,OOV 116,ORV 299,OPT  351,MOD 00,PBV 0,SPA 0,GPC 12,DOP 06,CID 8963031832412037722,PSN 00059360,HK1 0000000000000000,RAV 2.00,RPV 1.05
00181289,20200123002000,LAT  145447,LON  1209892,ALT  0018,RSS -065,OIC 139,OIV 500,OOC 346,OOV 116,ORV 299,OPT  351,MOD 00,PBV 0,SPA 1,GPC 12,DOP 06,CID 8963031832412037722,PSN 00059360,HK1 0000000000000000,RAV 2.00,RPV 1.05
00181289,20200123001900,LAT  145447,LON  1209892,ALT  0015,RSS -061,OIC 137,OIV 501,OOC 346,OOV 117,ORV 300,OPT  351,MOD 00,PBV 0,SPA 1,GPC 12,DOP 06,CID 8963031832412037722,PSN 00059360,HK1 0000000000000000,RAV 2.00,RPV 1.05
00181289,20200123001800,LAT  145447,LON  1209892,ALT  0017,RSS -063,OIC 139,OIV 500,OOC 346,OOV 115,ORV 299,OPT  350,MOD 00,PBV 0,SPA 0,GPC 12,DOP 06,CID 8963031832412037722,PSN 00059360,HK1 0000000000000000,RAV 2.00,RPV 1.05
00181289,20200123001700,LAT  145447,LON  1209892,ALT  0017,RSS -061,OIC 139,OIV 501,OOC 346,OOV 116,ORV 300,OPT  350,MOD 00,PBV 0,SPA 1,GPC 12,DOP 06,CID 8963031832412037722,PSN 00059360,HK1 0000000000000000,RAV 2.00,RPV 1.05
00181289,20200123001600,LAT  145447,LON  1209892,ALT  0013,RSS -051,OIC 138,OIV 502,OOC 347,OOV 115,ORV 300,OPT  350,MOD 00,PBV 0,SPA 0,GPC 12,DOP 06,CID 8963031832412037722,PSN 00059360,HK1 0000000000000000,RAV 2.00,RPV 1.05
00181289,20200123001500,LAT  145447,LON  1209892,ALT  0013,RSS -051,OIC 139,OIV 500,OOC 346,OOV 115,ORV 299,OPT  351,MOD 00,PBV 0,SPA 0,GPC 12,DOP 06,CID 8963031832412037722,PSN 00059360,HK1 0000000000000000,RAV 2.00,RPV 1.05
00181289,20200123001400,LAT  145447,LON  1209892,ALT  0019,RSS -053,OIC 139,OIV 504,OOC 346,OOV 117,ORV 300,OPT  351,MOD 00,PBV 0,SPA 1,GPC 12,DOP 06,CID 8963031832412037722,PSN 00059360,HK1 0000000000000000,RAV 2.00,RPV 1.05
00181289,20200123001300,LAT  145447,LON  1209893,ALT  0019,RSS -053,OIC 138,OIV 501,OOC 346,OOV 115,ORV 300,OPT  350,MOD 00,PBV 0,SPA 0,GPC 12,DOP 06,CID 8963031832412037722,PSN 00059360,HK1 0000000000000000,RAV 2.00,RPV 1.05
00181289,20200123001200,LAT  145447,LON  1209893,ALT  0023,RSS -061,OIC 140,OIV 500,OOC 347,OOV 115,ORV 298,OPT  351,MOD 00,PBV 0,SPA 0,GPC 12,DOP 06,CID 8963031832412037722,PSN 00059360,HK1 0000000000000000,RAV 2.00,RPV 1.05
00181289,20200123001100,LAT  145447,LON  1209893,ALT  0023,RSS -061,OIC 139,OIV 501,OOC 347,OOV 116,ORV 300,OPT  351,MOD 00,PBV 0,SPA 0,GPC 12,DOP 06,CID 8963031832412037722,PSN 00059360,HK1 0000000000000000,RAV 2.00,RPV 1.05
00181289,20200123001000,LAT  145447,LON  1209893,ALT  0021,RSS -061,OIC 137,OIV 502,OOC 347,OOV 116,ORV 300,OPT  351,MOD 00,PBV 0,SPA 0,GPC 12,DOP 06,CID 8963031832412037722,PSN 00059360,HK1 0000000000000000,RAV 2.00,RPV 1.05
00181289,20200123000900,LAT  145447,LON  1209893,ALT  0020,RSS -061,OIC 139,OIV 499,OOC 347,OOV 116,ORV 299,OPT  351,MOD 00,PBV 0,SPA 0,GPC 12,DOP 06,CID 8963031832412037722,PSN 00059360,HK1 0000000000000000,RAV 2.00,RPV 1.05
00181289,20200123000800,LAT  145447,LON  1209893,ALT  0019,RSS -061,OIC 139,OIV 502,OOC 347,OOV 115,ORV 302,OPT  351,MOD 00,PBV 0,SPA 0,GPC 12,DOP 06,CID 8963031832412037722,PSN 00059360,HK1 0000000000000000,RAV 2.00,RPV 1.05
00181289,20200123000700,LAT  145447,LON  1209893,ALT  0017,RSS -061,OIC 139,OIV 501,OOC 348,OOV 115,ORV 300,OPT  351,MOD 00,PBV 0,SPA 0,GPC 12,DOP 06,CID 8963031832412037722,PSN 00059360,HK1 0000000000000000,RAV 2.00,RPV 1.05
00181289,20200123000600,LAT  145447,LON  1209892,ALT  0013,RSS -061,OIC 139,OIV 501,OOC 347,OOV 116,ORV 299,OPT  351,MOD 00,PBV 0,SPA 0,GPC 12,DOP 06,CID 8963031832412037722,PSN 00059360,HK1 0000000000000000,RAV 2.00,RPV 1.05
00181289,20200123000500,LAT  145447,LON  1209892,ALT  0013,RSS -061,OIC 139,OIV 500,OOC 347,OOV 116,ORV 299,OPT  351,MOD 00,PBV 0,SPA 0,GPC 12,DOP 06,CID 8963031832412037722,PSN 00059360,HK1 0000000000000000,RAV 2.00,RPV 1.05
00181289,20200123000400,LAT  145448,LON  1209892,ALT  0011,RSS -063,OIC 137,OIV 501,OOC 347,OOV 116,ORV 301,OPT  351,MOD 00,PBV 0,SPA 0,GPC 12,DOP 06,CID 8963031832412037722,PSN 00059360,HK1 0000000000000000,RAV 2.00,RPV 1.05
00181289,20200123000300,LAT  145448,LON  1209892,ALT  0011,RSS -061,OIC 139,OIV 500,OOC 347,OOV 116,ORV 301,OPT  351,MOD 00,PBV 0,SPA 0,GPC 12,DOP 06,CID 8963031832412037722,PSN 00059360,HK1 0000000000000000,RAV 2.00,RPV 1.05
00181289,20200123000200,LAT  145448,LON  1209892,ALT  0013,RSS -061,OIC 138,OIV 500,OOC 347,OOV 115,ORV 300,OPT  351,MOD 00,PBV 0,SPA 0,GPC 12,DOP 06,CID 8963031832412037722,PSN 00059360,HK1 0000000000000000,RAV 2.00,RPV 1.05
00181289,20200123000100,LAT  145448,LON  1209893,ALT  0013,RSS -061,OIC 137,OIV 502,OOC 347,OOV 115,ORV 300,OPT  351,MOD 00,PBV 0,SPA 0,GPC 12,DOP 06,CID 8963031832412037722,PSN 00059360,HK1 0000000000000000,RAV 2.00,RPV 1.05
00181289,20200123000000,LAT  145448,LON  1209893,ALT  0012,RSS -061,OIC 139,OIV 501,OOC 347,OOV 115,ORV 299,OPT  351,MOD 00,PBV 0,SPA 0,GPC 12,DOP 06,CID 8963031832412037722,PSN 00059360,HK1 0000000000000000,RAV 2.00,RPV 1.05
00181289,20200123034600,LAT  145448,LON  1209893,ALT  0015,RSS -051,OIC 140,OIV 502,OOC 334,OOV 118,ORV 300,OPT  413,MOD 00,PBV 1,SPA 0,GPC 12,DOP 07,CID 8963031832412037722,PSN 00059360,HK1 0000000000000000,RAV 2.00,RPV 1.05
00181289,20200123034500,LAT  145448,LON  1209893,ALT  0015,RSS -051,OIC 140,OIV 500,OOC 334,OOV 120,ORV 300,OPT  412,MOD 00,PBV 1,SPA 0,GPC 12,DOP 07,CID 8963031832412037722,PSN 00059360,HK1 0000000000000000,RAV 2.00,RPV 1.05
00181289,20200123034400,LAT  145447,LON  1209893,ALT  0015,RSS -051,OIC 140,OIV 501,OOC 336,OOV 120,ORV 300,OPT  412,MOD 00,PBV 1,SPA 0,GPC 12,DOP 07,CID 8963031832412037722,PSN 00059360,HK1 0000000000000000,RAV 2.00,RPV 1.05
00181289,20200123034300,LAT  145448,LON  1209893,ALT  0014,RSS -051,OIC 139,OIV 501,OOC 338,OOV 119,ORV 300,OPT  411,MOD 00,PBV 1,SPA 0,GPC 12,DOP 08,CID 8963031832412037722,PSN 00059360,HK1 0000000000000000,RAV 2.00,RPV 1.05
00181289,20200123034200,LAT  145448,LON  1209892,ALT  0015,RSS -051,OIC 139,OIV 502,OOC 337,OOV 118,ORV 300,OPT  410,MOD 00,PBV 1,SPA 0,GPC 12,DOP 07,CID 8963031832412037722,PSN 00059360,HK1 0000000000000000,RAV 2.00,RPV 1.05
00181289,20200123034100,LAT  145447,LON  1209892,ALT  0015,RSS -051,OIC 139,OIV 503,OOC 337,OOV 118,ORV 300,OPT  410,MOD 00,PBV 1,SPA 0,GPC 12,DOP 07,CID 8963031832412037722,PSN 00059360,HK1 0000000000000000,RAV 2.00,RPV 1.05
00181289,20200123034000,LAT  145447,LON  1209892,ALT  0012,RSS -051,OIC 139,OIV 499,OOC 335,OOV 119,ORV 301,OPT  409,MOD 00,PBV 1,SPA 0,GPC 12,DOP 07,CID 8963031832412037722,PSN 00059360,HK1 0000000000000000,RAV 2.00,RPV 1.05
00181289,20200123033900,LAT  145447,LON  1209892,ALT  0016,RSS -051,OIC 141,OIV 501,OOC 334,OOV 120,ORV 299,OPT  409,MOD 00,PBV 1,SPA 0,GPC 12,DOP 08,CID 8963031832412037722,PSN 00059360,HK1 0000000000000000,RAV 2.00,RPV 1.05
00181289,20200123033800,LAT  145447,LON  1209892,ALT  0018,RSS -051,OIC 140,OIV 500,OOC 334,OOV 119,ORV 301,OPT  409,MOD 00,PBV 1,SPA 0,GPC 12,DOP 07,CID 8963031832412037722,PSN 00059360,HK1 0000000000000000,RAV 2.00,RPV 1.05
00181289,20200123033700,LAT  145447,LON  1209892,ALT  0016,RSS -051,OIC 138,OIV 501,OOC 335,OOV 120,ORV 299,OPT  409,MOD 00,PBV 1,SPA 1,GPC 12,DOP 07,CID 8963031832412037722,PSN 00059360,HK1 0000000000000000,RAV 2.00,RPV 1.05
00181289,20200123040500,LAT  145448,LON  1209893,ALT  0008,RSS -051,OIC 139,OIV 501,OOC 339,OOV 118,ORV 301,OPT  425,MOD 00,PBV 1,SPA 0,GPC 12,DOP 09,CID 8963031832412037722,PSN 00059360,HK1 0000000000000000,RAV 2.00,RPV 1.05
00181289,20200123040400,LAT  145448,LON  1209893,ALT  0010,RSS -051,OIC 140,OIV 502,OOC 339,OOV 118,ORV 300,OPT  426,MOD 00,PBV 1,SPA 0,GPC 12,DOP 08,CID 8963031832412037722,PSN 00059360,HK1 0000000000000000,RAV 2.00,RPV 1.05
00181289,20200123040300,LAT  145447,LON  1209893,ALT  0007,RSS -051,OIC 140,OIV 502,OOC 339,OOV 118,ORV 299,OPT  426,MOD 00,PBV 1,SPA 0,GPC 12,DOP 09,CID 8963031832412037722,PSN 00059360,HK1 0000000000000000,RAV 2.00,RPV 1.05
00181289,20200123040200,LAT  145447,LON  1209892,ALT  0009,RSS -051,OIC 141,OIV 502,OOC 339,OOV 118,ORV 300,OPT  426,MOD 00,PBV 1,SPA 0,GPC 12,DOP 08,CID 8963031832412037722,PSN 00059360,HK1 0000000000000000,RAV 2.00,RPV 1.05
00181289,20200123040100,LAT  145448,LON  1209892,ALT  0009,RSS -051,OIC 140,OIV 499,OOC 338,OOV 117,ORV 300,OPT  425,MOD 00,PBV 1,SPA 0,GPC 12,DOP 07,CID 8963031832412037722,PSN 00059360,HK1 0000000000000000,RAV 2.00,RPV 1.05
00181289,20200123040000,LAT  145448,LON  1209892,ALT  0011,RSS -051,OIC 140,OIV 504,OOC 336,OOV 118,ORV 299,OPT  425,MOD 00,PBV 1,SPA 0,GPC 12,DOP 07,CID 8963031832412037722,PSN 00059360,HK1 0000000000000000,RAV 2.00,RPV 1.05
00181289,20200123035900,LAT  145448,LON  1209893,ALT  0010,RSS -051,OIC 140,OIV 501,OOC 335,OOV 120,ORV 300,OPT  424,MOD 00,PBV 1,SPA 0,GPC 12,DOP 09,CID 8963031832412037722,PSN 00059360,HK1 0000000000000000,RAV 2.00,RPV 1.05
00181289,20200123035800,LAT  145448,LON  1209892,ALT  0010,RSS -051,OIC 139,OIV 499,OOC 337,OOV 119,ORV 299,OPT  424,MOD 00,PBV 1,SPA 0,GPC 12,DOP 07,CID 8963031832412037722,PSN 00059360,HK1 0000000000000000,RAV 2.00,RPV 1.05
00181289,20200123035700,LAT  145448,LON  1209892,ALT  0010,RSS -051,OIC 142,OIV 503,OOC 337,OOV 118,ORV 300,OPT  423,MOD 00,PBV 1,SPA 0,GPC 12,DOP 08,CID 8963031832412037722,PSN 00059360,HK1 0000000000000000,RAV 2.00,RPV 1.05
00181289,20200123035600,LAT  145448,LON  1209892,ALT  0012,RSS -051,OIC 140,OIV 501,OOC 336,OOV 118,ORV 299,OPT  423,MOD 00,PBV 1,SPA 0,GPC 12,DOP 08,CID 8963031832412037722,PSN 00059360,HK1 0000000000000000,RAV 2.00,RPV 1.05
00181289,20200123035500,LAT  145447,LON  1209893,ALT  0014,RSS -051,OIC 140,OIV 502,OOC 334,OOV 120,ORV 299,OPT  421,MOD 00,PBV 1,SPA 0,GPC 12,DOP 07,CID 8963031832412037722,PSN 00059360,HK1 0000000000000000,RAV 2.00,RPV 1.05
00181289,20200123035400,LAT  145447,LON  1209893,ALT  0016,RSS -051,OIC 140,OIV 501,OOC 334,OOV 118,ORV 300,OPT  421,MOD 00,PBV 1,SPA 0,GPC 12,DOP 07,CID 8963031832412037722,PSN 00059360,HK1 0000000000000000,RAV 2.00,RPV 1.05
00181289,20200123035300,LAT  145448,LON  1209892,ALT  0014,RSS -051,OIC 139,OIV 501,OOC 338,OOV 122,ORV 300,OPT  420,MOD 00,PBV 1,SPA 0,GPC 12,DOP 07,CID 8963031832412037722,PSN 00059360,HK1 0000000000000000,RAV 2.00,RPV 1.05
00181289,20200123035200,LAT  145448,LON  1209893,ALT  0011,RSS -051,OIC 139,OIV 501,OOC 335,OOV 118,ORV 300,OPT  419,MOD 00,PBV 1,SPA 0,GPC 12,DOP 08,CID 8963031832412037722,PSN 00059360,HK1 0000000000000000,RAV 2.00,RPV 1.05
00181289,20200123035100,LAT  145448,LON  1209893,ALT  0009,RSS -051,OIC 139,OIV 505,OOC 334,OOV 120,ORV 300,OPT  419,MOD 00,PBV 1,SPA 0,GPC 12,DOP 08,CID 8963031832412037722,PSN 00059360,HK1 0000000000000000,RAV 2.00,RPV 1.05
00181289,20200123035000,LAT  145448,LON  1209893,ALT  0011,RSS -051,OIC 139,OIV 499,OOC 334,OOV 120,ORV 301,OPT  418,MOD 00,PBV 1,SPA 0,GPC 12,DOP 07,CID 8963031832412037722,PSN 00059360,HK1 0000000000000000,RAV 2.00,RPV 1.05
00181289,20200123034900,LAT  145448,LON  1209893,ALT  0014,RSS -051,OIC 140,OIV 502,OOC 334,OOV 120,ORV 299,OPT  416,MOD 00,PBV 1,SPA 0,GPC 12,DOP 07,CID 8963031832412037722,PSN 00059360,HK1 0000000000000000,RAV 2.00,RPV 1.05
00181289,20200123034800,LAT  145448,LON  1209893,ALT  0013,RSS -051,OIC 141,OIV 499,OOC 334,OOV 120,ORV 300,OPT  415,MOD 00,PBV 1,SPA 0,GPC 12,DOP 08,CID 8963031832412037722,PSN 00059360,HK1 0000000000000000,RAV 2.00,RPV 1.05
00181289,20200123034700,LAT  145448,LON  1209893,ALT  0014,RSS -051,OIC 140,OIV 500,OOC 335,OOV 120,ORV 300,OPT  414,MOD 00,PBV 1,SPA 0,GPC 12,DOP 08,CID 8963031832412037722,PSN 00059360,HK1 0000000000000000,RAV 2.00,RPV 1.05
00181289,20200123041700,LAT  145447,LON  1209893,ALT  0021,RSS -051,OIC 140,OIV 502,OOC 339,OOV 118,ORV 299,OPT  428,MOD 00,PBV 1,SPA 0,GPC 12,DOP 08,CID 8963031832412037722,PSN 00059360,HK1 0000000000000000,RAV 2.00,RPV 1.05
00181289,20200123041600,LAT  145448,LON  1209892,ALT  0024,RSS -051,OIC 139,OIV 500,OOC 338,OOV 118,ORV 300,OPT  427,MOD 00,PBV 1,SPA 0,GPC 11,DOP 10,CID 8963031832412037722,PSN 00059360,HK1 0000000000000000,RAV 2.00,RPV 1.05
00181289,20200123041500,LAT  145448,LON  1209892,ALT  0026,RSS -051,OIC 141,OIV 501,OOC 338,OOV 118,ORV 300,OPT  426,MOD 00,PBV 1,SPA 0,GPC 12,DOP 11,CID 8963031832412037722,PSN 00059360,HK1 0000000000000000,RAV 2.00,RPV 1.05
00181289,20200123041400,LAT  145447,LON  1209892,ALT  0028,RSS -051,OIC 140,OIV 503,OOC 338,OOV 119,ORV 299,OPT  426,MOD 00,PBV 1,SPA 0,GPC 12,DOP 08,CID 8963031832412037722,PSN 00059360,HK1 0000000000000000,RAV 2.00,RPV 1.05
00181289,20200123041300,LAT  145447,LON  1209893,ALT  0028,RSS -051,OIC 140,OIV 500,OOC 338,OOV 119,ORV 299,OPT  425,MOD 00,PBV 1,SPA 0,GPC 12,DOP 08,CID 8963031832412037722,PSN 00059360,HK1 0000000000000000,RAV 2.00,RPV 1.05
00181289,20200123041200,LAT  145447,LON  1209893,ALT  0028,RSS -051,OIC 139,OIV 500,OOC 337,OOV 117,ORV 302,OPT  424,MOD 00,PBV 1,SPA 0,GPC 12,DOP 08,CID 8963031832412037722,PSN 00059360,HK1 0000000000000000,RAV 2.00,RPV 1.05
00181289,20200123041100,LAT  145448,LON  1209893,ALT  0021,RSS -051,OIC 139,OIV 503,OOC 338,OOV 118,ORV 300,OPT  424,MOD 00,PBV 1,SPA 0,GPC 12,DOP 09,CID 8963031832412037722,PSN 00059360,HK1 0000000000000000,RAV 2.00,RPV 1.05
00181289,20200123041000,LAT  145448,LON  1209893,ALT  0017,RSS -051,OIC 140,OIV 501,OOC 338,OOV 117,ORV 300,OPT  423,MOD 00,PBV 1,SPA 0,GPC 12,DOP 08,CID 8963031832412037722,PSN 00059360,HK1 0000000000000000,RAV 2.00,RPV 1.05
00181289,20200123040900,LAT  145447,LON  1209893,ALT  0013,RSS -051,OIC 140,OIV 500,OOC 338,OOV 118,ORV 299,OPT  423,MOD 00,PBV 1,SPA 0,GPC 12,DOP 08,CID 8963031832412037722,PSN 00059360,HK1 0000000000000000,RAV 2.00,RPV 1.05
00181289,20200123040800,LAT  145447,LON  1209893,ALT  0009,RSS -051,OIC 140,OIV 502,OOC 338,OOV 118,ORV 301,OPT  424,MOD 00,PBV 1,SPA 0,GPC 12,DOP 08,CID 8963031832412037722,PSN 00059360,HK1 0000000000000000,RAV 2.00,RPV 1.05
00181289,20200123040700,LAT  145448,LON  1209893,ALT  0006,RSS -051,OIC 140,OIV 500,OOC 338,OOV 119,ORV 300,OPT  424,MOD 00,PBV 1,SPA 0,GPC 12,DOP 08,CID 8963031832412037722,PSN 00059360,HK1 0000000000000000,RAV 2.00,RPV 1.05
00181289,20200123040600,LAT  145448,LON  1209893,ALT  0006,RSS -051,OIC 140,OIV 502,OOC 338,OOV 119,ORV 301,OPT  425,MOD 00,PBV 1,SPA 0,GPC 12,DOP 09,CID 8963031832412037722,PSN 00059360,HK1 0000000000000000,RAV 2.00,RPV 1.05
00181289,20200123042100,LAT  145447,LON  1209892,ALT  0021,RSS -051,OIC 140,OIV 501,OOC 339,OOV 118,ORV 302,OPT  431,MOD 00,PBV 1,SPA 0,GPC 12,DOP 08,CID 8963031832412037722,PSN 00059360,HK1 0000000000000000,RAV 2.00,RPV 1.05
00181289,20200123042000,LAT  145447,LON  1209893,ALT  0019,RSS -051,OIC 140,OIV 502,OOC 339,OOV 118,ORV 300,OPT  431,MOD 00,PBV 1,SPA 0,GPC 12,DOP 08,CID 8963031832412037722,PSN 00059360,HK1 0000000000000000,RAV 2.00,RPV 1.05
00181289,20200123041900,LAT  145447,LON  1209893,ALT  0016,RSS -051,OIC 139,OIV 500,OOC 339,OOV 118,ORV 298,OPT  430,MOD 00,PBV 1,SPA 0,GPC 12,DOP 08,CID 8963031832412037722,PSN 00059360,HK1 0000000000000000,RAV 2.00,RPV 1.05
00181289,20200123041800,LAT  145447,LON  1209893,ALT  0019,RSS -051,OIC 139,OIV 498,OOC 339,OOV 118,ORV 298,OPT  429,MOD 00,PBV 1,SPA 0,GPC 12,DOP 08,CID 8963031832412037722,PSN 00059360,HK1 0000000000000000,RAV 2.00,RPV 1.05
00181289,20200123042200,LAT  145448,LON  1209892,ALT  0021,RSS -051,OIC 140,OIV 503,OOC 339,OOV 118,ORV 299,OPT  432,MOD 00,PBV 1,SPA 0,GPC 12,DOP 08,CID 8963031832412037722,PSN 00059360,HK1 0000000000000000,RAV 2.00,RPV 1.05
